row_id,symboling,normalized_losses,make,num_of_doors,body_style,drive_wheels,engine_location,wheel_base,length,width,height,curb_weight,engine_type,num_of_cylinders,engine_size,fuel_system,bore,stroke,compression_ratio,horsepower,peak_rpm,city_mpg,highway_mpg,price,city-L/100km,highway-L/100km,horsepower_binned,diesel,gas,normal,turbo
1,3,122,alfa-romero,two,convertible,rwd,front,88.6,0.811,0.89,0.816,2548,dohc,four,130,mpfi,3.47,2.68,9,111,5000,21,27,13495,11.19,8.704,Low,0,1,1,0
2,3,122,alfa-romero,two,convertible,rwd,front,88.6,0.811,0.89,0.816,2548,dohc,four,130,mpfi,3.47,2.68,9,111,5000,21,27,16500,11.19,8.704,Low,0,1,1,0
3,1,122,alfa-romero,two,hatchback,rwd,front,94.5,0.823,0.91,0.876,2823,ohcv,six,152,mpfi,2.68,3.47,9,154,5000,19,26,16500,12.368,9.038,Medium,0,1,1,0
4,2,164,audi,four,sedan,fwd,front,99.8,0.849,0.919,0.908,2337,ohc,four,109,mpfi,3.19,3.4,10,102,5500,24,30,13950,9.792,7.833,Low,0,1,1,0
5,2,164,audi,four,sedan,4wd,front,99.4,0.849,0.922,0.908,2824,ohc,five,136,mpfi,3.19,3.4,8,115,5500,18,22,17450,13.056,10.682,Low,0,1,1,0
6,2,122,audi,two,sedan,fwd,front,99.8,0.852,0.921,0.888,2507,ohc,five,136,mpfi,3.19,3.4,8.5,110,5500,19,25,15250,12.368,9.4,Low,0,1,1,0
7,1,158,audi,four,sedan,fwd,front,105.8,0.926,0.992,0.931,2844,ohc,five,136,mpfi,3.19,3.4,8.5,110,5500,19,25,17710,12.368,9.4,Low,0,1,1,0
8,1,122,audi,four,wagon,fwd,front,105.8,0.926,0.992,0.931,2954,ohc,five,136,mpfi,3.19,3.4,8.5,110,5500,19,25,18920,12.368,9.4,Low,0,1,1,0
9,1,158,audi,four,sedan,fwd,front,105.8,0.926,0.992,0.935,3086,ohc,five,131,mpfi,3.13,3.4,8.3,140,5500,17,20,23875,13.824,11.75,Medium,0,1,0,1
10,2,192,bmw,two,sedan,rwd,front,101.2,0.85,0.9,0.908,2395,ohc,four,108,mpfi,3.5,2.8,8.8,101,5800,23,29,16430,10.217,8.103,Low,0,1,1,0
11,0,192,bmw,four,sedan,rwd,front,101.2,0.85,0.9,0.908,2395,ohc,four,108,mpfi,3.5,2.8,8.8,101,5800,23,29,16925,10.217,8.103,Low,0,1,1,0
12,0,188,bmw,two,sedan,rwd,front,101.2,0.85,0.9,0.908,2710,ohc,six,164,mpfi,3.31,3.19,9,121,4250,21,28,20970,11.19,8.393,Medium,0,1,1,0
13,0,188,bmw,four,sedan,rwd,front,101.2,0.85,0.9,0.908,2765,ohc,six,164,mpfi,3.31,3.19,9,121,4250,21,28,21105,11.19,8.393,Medium,0,1,1,0
14,1,122,bmw,four,sedan,rwd,front,103.5,0.908,0.929,0.931,3055,ohc,six,164,mpfi,3.31,3.19,9,121,4250,20,25,24565,11.75,9.4,Medium,0,1,1,0
15,0,122,bmw,four,sedan,rwd,front,103.5,0.908,0.929,0.931,3230,ohc,six,209,mpfi,3.62,3.39,8,182,5400,16,22,30760,14.688,10.682,Medium,0,1,1,0
16,0,122,bmw,two,sedan,rwd,front,103.5,0.931,0.943,0.898,3380,ohc,six,209,mpfi,3.62,3.39,8,182,5400,16,22,41315,14.688,10.682,Medium,0,1,1,0
17,0,122,bmw,four,sedan,rwd,front,110,0.947,0.985,0.941,3505,ohc,six,209,mpfi,3.62,3.39,8,182,5400,15,20,36880,15.667,11.75,Medium,0,1,1,0
18,2,121,chevrolet,two,hatchback,fwd,front,88.4,0.678,0.837,0.89,1488,l,three,61,2bbl,2.91,3.03,9.5,48,5100,47,53,5151,5,4.434,Low,0,1,1,0
19,1,98,chevrolet,two,hatchback,fwd,front,94.5,0.749,0.883,0.87,1874,ohc,four,90,2bbl,3.03,3.11,9.6,70,5400,38,43,6295,6.184,5.465,Low,0,1,1,0
20,0,81,chevrolet,four,sedan,fwd,front,94.5,0.763,0.883,0.87,1909,ohc,four,90,2bbl,3.03,3.11,9.6,70,5400,38,43,6575,6.184,5.465,Low,0,1,1,0
21,1,118,dodge,two,hatchback,fwd,front,93.7,0.756,0.886,0.849,1876,ohc,four,90,2bbl,2.97,3.23,9.41,68,5500,37,41,5572,6.351,5.732,Low,0,1,1,0
22,1,118,dodge,two,hatchback,fwd,front,93.7,0.756,0.886,0.849,1876,ohc,four,90,2bbl,2.97,3.23,9.4,68,5500,31,38,6377,7.581,6.184,Low,0,1,1,0
23,1,118,dodge,two,hatchback,fwd,front,93.7,0.756,0.886,0.849,2128,ohc,four,98,mpfi,3.03,3.39,7.6,102,5500,24,30,7957,9.792,7.833,Low,0,1,0,1
24,1,148,dodge,four,hatchback,fwd,front,93.7,0.756,0.886,0.846,1967,ohc,four,90,2bbl,2.97,3.23,9.4,68,5500,31,38,6229,7.581,6.184,Low,0,1,1,0
25,1,148,dodge,four,sedan,fwd,front,93.7,0.756,0.886,0.846,1989,ohc,four,90,2bbl,2.97,3.23,9.4,68,5500,31,38,6692,7.581,6.184,Low,0,1,1,0
26,1,148,dodge,four,sedan,fwd,front,93.7,0.756,0.886,0.846,1989,ohc,four,90,2bbl,2.97,3.23,9.4,68,5500,31,38,7609,7.581,6.184,Low,0,1,1,0
27,1,148,dodge,four,sedan,fwd,front,93.7,0.756,0.886,0.846,2191,ohc,four,98,mpfi,3.03,3.39,7.6,102,5500,24,30,8558,9.792,7.833,Low,0,1,0,1
28,-1,110,dodge,four,wagon,fwd,front,103.3,0.839,0.897,1,2535,ohc,four,122,2bbl,3.34,3.46,8.5,88,5000,24,30,8921,9.792,7.833,Low,0,1,1,0
29,3,145,dodge,two,hatchback,fwd,front,95.9,0.832,0.921,0.839,2811,ohc,four,156,mfi,3.6,3.9,7,145,5000,19,24,12964,12.368,9.792,Medium,0,1,0,1
30,2,137,honda,two,hatchback,fwd,front,86.6,0.695,0.888,0.849,1713,ohc,four,92,1bbl,2.91,3.41,9.6,58,4800,49,54,6479,4.796,4.352,Low,0,1,1,0
31,2,137,honda,two,hatchback,fwd,front,86.6,0.695,0.888,0.849,1819,ohc,four,92,1bbl,2.91,3.41,9.2,76,6000,31,38,6855,7.581,6.184,Low,0,1,1,0
32,1,101,honda,two,hatchback,fwd,front,93.7,0.721,0.889,0.88,1837,ohc,four,79,1bbl,2.91,3.07,10.1,60,5500,38,42,5399,6.184,5.595,Low,0,1,1,0
33,1,101,honda,two,hatchback,fwd,front,93.7,0.721,0.889,0.88,1940,ohc,four,92,1bbl,2.91,3.41,9.2,76,6000,30,34,6529,7.833,6.912,Low,0,1,1,0
34,1,101,honda,two,hatchback,fwd,front,93.7,0.721,0.889,0.88,1956,ohc,four,92,1bbl,2.91,3.41,9.2,76,6000,30,34,7129,7.833,6.912,Low,0,1,1,0
35,0,110,honda,four,sedan,fwd,front,96.5,0.785,0.889,0.911,2010,ohc,four,92,1bbl,2.91,3.41,9.2,76,6000,30,34,7295,7.833,6.912,Low,0,1,1,0
36,0,78,honda,four,wagon,fwd,front,96.5,0.755,0.888,0.975,2024,ohc,four,92,1bbl,2.92,3.41,9.2,76,6000,30,34,7295,7.833,6.912,Low,0,1,1,0
37,0,106,honda,two,hatchback,fwd,front,96.5,0.805,0.906,0.891,2236,ohc,four,110,1bbl,3.15,3.58,9,86,5800,27,33,7895,8.704,7.121,Low,0,1,1,0
38,0,106,honda,two,hatchback,fwd,front,96.5,0.805,0.906,0.891,2289,ohc,four,110,1bbl,3.15,3.58,9,86,5800,27,33,9095,8.704,7.121,Low,0,1,1,0
39,0,85,honda,four,sedan,fwd,front,96.5,0.843,0.906,0.905,2304,ohc,four,110,1bbl,3.15,3.58,9,86,5800,27,33,8845,8.704,7.121,Low,0,1,1,0
40,0,85,honda,four,sedan,fwd,front,96.5,0.843,0.868,0.905,2372,ohc,four,110,1bbl,3.15,3.58,9,86,5800,27,33,10295,8.704,7.121,Low,0,1,1,0
41,0,85,honda,four,sedan,fwd,front,96.5,0.843,0.906,0.905,2465,ohc,four,110,mpfi,3.15,3.58,9,101,5800,24,28,12945,9.792,8.393,Low,0,1,1,0
42,1,107,honda,two,sedan,fwd,front,96.5,0.813,0.917,0.853,2293,ohc,four,110,2bbl,3.15,3.58,9.1,100,5500,25,31,10345,9.4,7.581,Low,0,1,1,0
43,0,122,isuzu,four,sedan,rwd,front,94.3,0.82,0.858,0.895,2337,ohc,four,111,2bbl,3.31,3.23,8.5,78,4800,24,29,6785,9.792,8.103,Low,0,1,1,0
44,2,122,isuzu,two,hatchback,rwd,front,96,0.829,0.906,0.86,2734,ohc,four,119,spfi,3.43,3.23,9.2,90,5000,24,29,11048,9.792,8.103,Low,0,1,1,0
45,0,145,jaguar,four,sedan,rwd,front,113,0.959,0.967,0.883,4066,dohc,six,258,mpfi,3.63,4.17,8.1,176,4750,15,19,32250,15.667,12.368,Medium,0,1,1,0
46,0,122,jaguar,four,sedan,rwd,front,113,0.959,0.967,0.883,4066,dohc,six,258,mpfi,3.63,4.17,8.1,176,4750,15,19,35550,15.667,12.368,Medium,0,1,1,0
47,0,122,jaguar,two,sedan,rwd,front,102,0.921,0.981,0.799,3950,ohcv,twelve,326,mpfi,3.54,2.76,11.5,262,5000,13,17,36000,18.077,13.824,High,0,1,1,0
48,1,104,mazda,two,hatchback,fwd,front,93.1,0.765,0.892,0.905,1890,ohc,four,91,2bbl,3.03,3.15,9,68,5000,30,31,5195,7.833,7.581,Low,0,1,1,0
49,1,104,mazda,two,hatchback,fwd,front,93.1,0.765,0.892,0.905,1900,ohc,four,91,2bbl,3.03,3.15,9,68,5000,31,38,6095,7.581,6.184,Low,0,1,1,0
50,1,104,mazda,two,hatchback,fwd,front,93.1,0.765,0.892,0.905,1905,ohc,four,91,2bbl,3.03,3.15,9,68,5000,31,38,6795,7.581,6.184,Low,0,1,1,0
51,1,113,mazda,four,sedan,fwd,front,93.1,0.802,0.892,0.905,1945,ohc,four,91,2bbl,3.03,3.15,9,68,5000,31,38,6695,7.581,6.184,Low,0,1,1,0
52,1,113,mazda,four,sedan,fwd,front,93.1,0.802,0.892,0.905,1950,ohc,four,91,2bbl,3.08,3.15,9,68,5000,31,38,7395,7.581,6.184,Low,0,1,1,0
53,3,150,mazda,two,hatchback,rwd,front,95.3,0.812,0.913,0.829,2380,rotor,two,70,4bbl,3.329751244,3.255422886,9.4,101,6000,17,23,10945,13.824,10.217,Low,0,1,1,0
54,3,150,mazda,two,hatchback,rwd,front,95.3,0.812,0.913,0.829,2380,rotor,two,70,4bbl,3.329751244,3.255422886,9.4,101,6000,17,23,11845,13.824,10.217,Low,0,1,1,0
55,3,150,mazda,two,hatchback,rwd,front,95.3,0.812,0.913,0.829,2385,rotor,two,70,4bbl,3.329751244,3.255422886,9.4,101,6000,17,23,13645,13.824,10.217,Low,0,1,1,0
56,3,150,mazda,two,hatchback,rwd,front,95.3,0.812,0.913,0.829,2500,rotor,two,80,mpfi,3.329751244,3.255422886,9.4,135,6000,16,23,15645,14.688,10.217,Medium,0,1,1,0
57,1,129,mazda,two,hatchback,fwd,front,98.8,0.854,0.924,0.898,2385,ohc,four,122,2bbl,3.39,3.39,8.6,84,4800,26,32,8845,9.038,7.344,Low,0,1,1,0
58,0,115,mazda,four,sedan,fwd,front,98.8,0.854,0.924,0.928,2410,ohc,four,122,2bbl,3.39,3.39,8.6,84,4800,26,32,8495,9.038,7.344,Low,0,1,1,0
59,1,129,mazda,two,hatchback,fwd,front,98.8,0.854,0.924,0.898,2385,ohc,four,122,2bbl,3.39,3.39,8.6,84,4800,26,32,10595,9.038,7.344,Low,0,1,1,0
60,0,115,mazda,four,sedan,fwd,front,98.8,0.854,0.924,0.928,2410,ohc,four,122,2bbl,3.39,3.39,8.6,84,4800,26,32,10245,9.038,7.344,Low,0,1,1,0
61,0,122,mazda,four,sedan,fwd,front,98.8,0.854,0.924,0.928,2443,ohc,four,122,idi,3.39,3.39,22.7,64,4650,36,42,10795,6.528,5.595,Low,1,0,1,0
62,0,115,mazda,four,hatchback,fwd,front,98.8,0.854,0.924,0.928,2425,ohc,four,122,2bbl,3.39,3.39,8.6,84,4800,26,32,11245,9.038,7.344,Low,0,1,1,0
63,0,118,mazda,four,sedan,rwd,front,104.9,0.841,0.918,0.91,2670,ohc,four,140,mpfi,3.76,3.16,8,120,5000,19,27,18280,12.368,8.704,Medium,0,1,1,0
64,0,122,mazda,four,sedan,rwd,front,104.9,0.841,0.918,0.91,2700,ohc,four,134,idi,3.43,3.64,22,72,4200,31,39,18344,7.581,6.026,Low,1,0,1,0
65,-1,93,mercedes-benz,four,sedan,rwd,front,110,0.917,0.976,0.945,3515,ohc,five,183,idi,3.58,3.64,21.5,123,4350,22,25,25552,10.682,9.4,Medium,1,0,0,1
66,-1,93,mercedes-benz,four,wagon,rwd,front,110,0.917,0.976,0.982,3750,ohc,five,183,idi,3.58,3.64,21.5,123,4350,22,25,28248,10.682,9.4,Medium,1,0,0,1
67,0,93,mercedes-benz,two,hardtop,rwd,front,106.7,0.901,0.976,0.918,3495,ohc,five,183,idi,3.58,3.64,21.5,123,4350,22,25,28176,10.682,9.4,Medium,1,0,0,1
68,-1,93,mercedes-benz,four,sedan,rwd,front,115.6,0.974,0.996,0.941,3770,ohc,five,183,idi,3.58,3.64,21.5,123,4350,22,25,31600,10.682,9.4,Medium,1,0,0,1
69,-1,122,mercedes-benz,four,sedan,rwd,front,115.6,0.974,0.996,0.945,3740,ohcv,eight,234,mpfi,3.46,3.1,8.3,155,4750,16,18,34184,14.688,13.056,Medium,0,1,1,0
70,3,142,mercedes-benz,two,convertible,rwd,front,96.6,0.866,0.979,0.849,3685,ohcv,eight,234,mpfi,3.46,3.1,8.3,155,4750,16,18,35056,14.688,13.056,Medium,0,1,1,0
71,0,122,mercedes-benz,four,sedan,rwd,front,120.9,1,0.996,0.948,3900,ohcv,eight,308,mpfi,3.8,3.35,8,184,4500,14,16,40960,16.786,14.688,Medium,0,1,1,0
72,1,122,mercedes-benz,two,hardtop,rwd,front,112,0.957,1,0.926,3715,ohcv,eight,304,mpfi,3.8,3.35,8,184,4500,14,16,45400,16.786,14.688,Medium,0,1,1,0
73,1,122,mercury,two,hatchback,rwd,front,102.7,0.857,0.944,0.916,2910,ohc,four,140,mpfi,3.78,3.12,8,175,5000,19,24,16503,12.368,9.792,Medium,0,1,0,1
74,2,161,mitsubishi,two,hatchback,fwd,front,93.7,0.756,0.894,0.849,1918,ohc,four,92,2bbl,2.97,3.23,9.4,68,5500,37,41,5389,6.351,5.732,Low,0,1,1,0
75,2,161,mitsubishi,two,hatchback,fwd,front,93.7,0.756,0.894,0.849,1944,ohc,four,92,2bbl,2.97,3.23,9.4,68,5500,31,38,6189,7.581,6.184,Low,0,1,1,0
76,2,161,mitsubishi,two,hatchback,fwd,front,93.7,0.756,0.894,0.849,2004,ohc,four,92,2bbl,2.97,3.23,9.4,68,5500,31,38,6669,7.581,6.184,Low,0,1,1,0
77,1,161,mitsubishi,two,hatchback,fwd,front,93,0.756,0.886,0.849,2145,ohc,four,98,spdi,3.03,3.39,7.6,102,5500,24,30,7689,9.792,7.833,Low,0,1,0,1
78,3,153,mitsubishi,two,hatchback,fwd,front,96.3,0.831,0.908,0.826,2370,ohc,four,110,spdi,3.17,3.46,7.5,116,5500,23,30,9959,10.217,7.833,Low,0,1,0,1
79,3,153,mitsubishi,two,hatchback,fwd,front,96.3,0.831,0.908,0.826,2328,ohc,four,122,2bbl,3.35,3.46,8.5,88,5000,25,32,8499,9.4,7.344,Low,0,1,1,0
80,3,122,mitsubishi,two,hatchback,fwd,front,95.9,0.832,0.921,0.839,2833,ohc,four,156,spdi,3.58,3.86,7,145,5000,19,24,12629,12.368,9.792,Medium,0,1,0,1
81,3,122,mitsubishi,two,hatchback,fwd,front,95.9,0.832,0.921,0.839,2921,ohc,four,156,spdi,3.59,3.86,7,145,5000,19,24,14869,12.368,9.792,Medium,0,1,0,1
82,3,122,mitsubishi,two,hatchback,fwd,front,95.9,0.832,0.921,0.839,2926,ohc,four,156,spdi,3.59,3.86,7,145,5000,19,24,14489,12.368,9.792,Medium,0,1,0,1
83,1,125,mitsubishi,four,sedan,fwd,front,96.3,0.828,0.908,0.863,2365,ohc,four,122,2bbl,3.35,3.46,8.5,88,5000,25,32,6989,9.4,7.344,Low,0,1,1,0
84,1,125,mitsubishi,four,sedan,fwd,front,96.3,0.828,0.908,0.863,2405,ohc,four,122,2bbl,3.35,3.46,8.5,88,5000,25,32,8189,9.4,7.344,Low,0,1,1,0
85,1,125,mitsubishi,four,sedan,fwd,front,96.3,0.828,0.908,0.863,2403,ohc,four,110,spdi,3.17,3.46,7.5,116,5500,23,30,9279,10.217,7.833,Low,0,1,0,1
86,-1,137,mitsubishi,four,sedan,fwd,front,96.3,0.828,0.908,0.863,2403,ohc,four,110,spdi,3.17,3.46,7.5,116,5500,23,30,9279,10.217,7.833,Low,0,1,1,0
87,1,128,nissan,two,sedan,fwd,front,94.5,0.794,0.886,0.911,1889,ohc,four,97,2bbl,3.15,3.29,9.4,69,5200,31,37,5499,7.581,6.351,Low,0,1,1,0
88,1,128,nissan,two,sedan,fwd,front,94.5,0.794,0.886,0.911,2017,ohc,four,103,idi,2.99,3.47,21.9,55,4800,45,50,7099,5.222,4.7,Low,1,0,1,0
89,1,128,nissan,two,sedan,fwd,front,94.5,0.794,0.886,0.911,1918,ohc,four,97,2bbl,3.15,3.29,9.4,69,5200,31,37,6649,7.581,6.351,Low,0,1,1,0
90,1,122,nissan,four,sedan,fwd,front,94.5,0.794,0.886,0.911,1938,ohc,four,97,2bbl,3.15,3.29,9.4,69,5200,31,37,6849,7.581,6.351,Low,0,1,1,0
91,1,103,nissan,four,wagon,fwd,front,94.5,0.818,0.886,0.895,2024,ohc,four,97,2bbl,3.15,3.29,9.4,69,5200,31,37,7349,7.581,6.351,Low,0,1,1,0
92,1,128,nissan,two,sedan,fwd,front,94.5,0.794,0.886,0.911,1951,ohc,four,97,2bbl,3.15,3.29,9.4,69,5200,31,37,7299,7.581,6.351,Low,0,1,1,0
93,1,128,nissan,two,hatchback,fwd,front,94.5,0.796,0.886,0.891,2028,ohc,four,97,2bbl,3.15,3.29,9.4,69,5200,31,37,7799,7.581,6.351,Low,0,1,1,0
94,1,122,nissan,four,sedan,fwd,front,94.5,0.794,0.886,0.911,1971,ohc,four,97,2bbl,3.15,3.29,9.4,69,5200,31,37,7499,7.581,6.351,Low,0,1,1,0
95,1,103,nissan,four,wagon,fwd,front,94.5,0.818,0.886,0.895,2037,ohc,four,97,2bbl,3.15,3.29,9.4,69,5200,31,37,7999,7.581,6.351,Low,0,1,1,0
96,2,168,nissan,two,hardtop,fwd,front,95.1,0.78,0.886,0.891,2008,ohc,four,97,2bbl,3.15,3.29,9.4,69,5200,31,37,8249,7.581,6.351,Low,0,1,1,0
97,0,106,nissan,four,hatchback,fwd,front,97.2,0.833,0.906,0.915,2324,ohc,four,120,2bbl,3.33,3.47,8.5,97,5200,27,34,8949,8.704,6.912,Low,0,1,1,0
98,0,106,nissan,four,sedan,fwd,front,97.2,0.833,0.906,0.915,2302,ohc,four,120,2bbl,3.33,3.47,8.5,97,5200,27,34,9549,8.704,6.912,Low,0,1,1,0
99,0,128,nissan,four,sedan,fwd,front,100.4,0.873,0.924,0.921,3095,ohcv,six,181,mpfi,3.43,3.27,9,152,5200,17,22,13499,13.824,10.682,Medium,0,1,1,0
100,0,108,nissan,four,wagon,fwd,front,100.4,0.887,0.924,0.938,3296,ohcv,six,181,mpfi,3.43,3.27,9,152,5200,17,22,14399,13.824,10.682,Medium,0,1,1,0
101,0,108,nissan,four,sedan,fwd,front,100.4,0.887,0.924,0.921,3060,ohcv,six,181,mpfi,3.43,3.27,9,152,5200,19,25,13499,12.368,9.4,Medium,0,1,1,0
102,3,194,nissan,two,hatchback,rwd,front,91.3,0.82,0.943,0.831,3071,ohcv,six,181,mpfi,3.43,3.27,9,160,5200,19,25,17199,12.368,9.4,Medium,0,1,1,0
103,3,194,nissan,two,hatchback,rwd,front,91.3,0.82,0.943,0.831,3139,ohcv,six,181,mpfi,3.43,3.27,7.8,200,5200,17,23,19699,13.824,10.217,High,0,1,0,1
104,1,231,nissan,two,hatchback,rwd,front,99.2,0.858,0.943,0.831,3139,ohcv,six,181,mpfi,3.43,3.27,9,160,5200,19,25,18399,12.368,9.4,Medium,0,1,1,0
105,0,161,peugot,four,sedan,rwd,front,107.9,0.897,0.95,0.948,3020,l,four,120,mpfi,3.46,3.19,8.4,97,5000,19,24,11900,12.368,9.792,Low,0,1,1,0
106,0,161,peugot,four,sedan,rwd,front,107.9,0.897,0.95,0.948,3197,l,four,152,idi,3.7,3.52,21,95,4150,28,33,13200,8.393,7.121,Low,1,0,0,1
107,0,122,peugot,four,wagon,rwd,front,114.2,0.956,0.95,0.982,3230,l,four,120,mpfi,3.46,3.19,8.4,97,5000,19,24,12440,12.368,9.792,Low,0,1,1,0
108,0,122,peugot,four,wagon,rwd,front,114.2,0.956,0.95,0.982,3430,l,four,152,idi,3.7,3.52,21,95,4150,25,25,13860,9.4,9.4,Low,1,0,0,1
109,0,161,peugot,four,sedan,rwd,front,107.9,0.897,0.95,0.948,3075,l,four,120,mpfi,3.46,2.19,8.4,95,5000,19,24,15580,12.368,9.792,Low,0,1,1,0
110,0,161,peugot,four,sedan,rwd,front,107.9,0.897,0.95,0.948,3252,l,four,152,idi,3.7,3.52,21,95,4150,28,33,16900,8.393,7.121,Low,1,0,0,1
111,0,122,peugot,four,wagon,rwd,front,114.2,0.956,0.95,0.948,3285,l,four,120,mpfi,3.46,2.19,8.4,95,5000,19,24,16695,12.368,9.792,Low,0,1,1,0
112,0,122,peugot,four,wagon,rwd,front,114.2,0.956,0.95,0.982,3485,l,four,152,idi,3.7,3.52,21,95,4150,25,25,17075,9.4,9.4,Low,1,0,0,1
113,0,161,peugot,four,sedan,rwd,front,107.9,0.897,0.95,0.948,3075,l,four,120,mpfi,3.46,3.19,8.4,97,5000,19,24,16630,12.368,9.792,Low,0,1,1,0
114,0,161,peugot,four,sedan,rwd,front,107.9,0.897,0.95,0.948,3252,l,four,152,idi,3.7,3.52,21,95,4150,28,33,17950,8.393,7.121,Low,1,0,0,1
115,0,161,peugot,four,sedan,rwd,front,108,0.897,0.949,0.936,3130,l,four,134,mpfi,3.61,3.21,7,142,5600,18,24,18150,13.056,9.792,Medium,0,1,0,1
116,1,119,plymouth,two,hatchback,fwd,front,93.7,0.756,0.886,0.849,1918,ohc,four,90,2bbl,2.97,3.23,9.4,68,5500,37,41,5572,6.351,5.732,Low,0,1,1,0
117,1,119,plymouth,two,hatchback,fwd,front,93.7,0.756,0.886,0.849,2128,ohc,four,98,spdi,3.03,3.39,7.6,102,5500,24,30,7957,9.792,7.833,Low,0,1,0,1
118,1,154,plymouth,four,hatchback,fwd,front,93.7,0.756,0.886,0.846,1967,ohc,four,90,2bbl,2.97,3.23,9.4,68,5500,31,38,6229,7.581,6.184,Low,0,1,1,0
119,1,154,plymouth,four,sedan,fwd,front,93.7,0.804,0.886,0.849,1989,ohc,four,90,2bbl,2.97,3.23,9.4,68,5500,31,38,6692,7.581,6.184,Low,0,1,1,0
120,1,154,plymouth,four,sedan,fwd,front,93.7,0.804,0.886,0.849,2191,ohc,four,98,2bbl,2.97,3.23,9.4,68,5500,31,38,7609,7.581,6.184,Low,0,1,1,0
121,-1,74,plymouth,four,wagon,fwd,front,103.3,0.839,0.897,1,2535,ohc,four,122,2bbl,3.35,3.46,8.5,88,5000,24,30,8921,9.792,7.833,Low,0,1,1,0
122,3,122,plymouth,two,hatchback,rwd,front,95.9,0.832,0.921,0.839,2818,ohc,four,156,spdi,3.59,3.86,7,145,5000,19,24,12764,12.368,9.792,Medium,0,1,0,1
123,3,186,porsche,two,hatchback,rwd,front,94.5,0.812,0.949,0.839,2778,ohc,four,151,mpfi,3.94,3.11,9.5,143,5500,19,27,22018,12.368,8.704,Medium,0,1,1,0
124,3,122,porsche,two,hardtop,rwd,rear,89.5,0.812,0.903,0.863,2756,ohcf,six,194,mpfi,3.74,2.9,9.5,207,5900,17,25,32528,13.824,9.4,High,0,1,1,0
125,3,122,porsche,two,hardtop,rwd,rear,89.5,0.812,0.903,0.863,2756,ohcf,six,194,mpfi,3.74,2.9,9.5,207,5900,17,25,34028,13.824,9.4,High,0,1,1,0
126,3,122,porsche,two,convertible,rwd,rear,89.5,0.812,0.903,0.863,2800,ohcf,six,194,mpfi,3.74,2.9,9.5,207,5900,17,25,37028,13.824,9.4,High,0,1,1,0
127,0,122,renault,four,wagon,fwd,front,96.1,0.872,0.924,0.923,2579,ohc,four,132,mpfi,3.46,3.9,8.7,104,5125.369458,23,31,9295,10.217,7.581,Low,0,1,1,0
128,2,122,renault,two,hatchback,fwd,front,96.1,0.85,0.925,0.844,2460,ohc,four,132,mpfi,3.46,3.9,8.7,104,5125.369458,23,31,9895,10.217,7.581,Low,0,1,1,0
129,3,150,saab,two,hatchback,fwd,front,99.1,0.897,0.924,0.938,2658,ohc,four,121,mpfi,3.54,3.07,9.31,110,5250,21,28,11850,11.19,8.393,Low,0,1,1,0
130,2,104,saab,four,sedan,fwd,front,99.1,0.897,0.924,0.938,2695,ohc,four,121,mpfi,3.54,3.07,9.3,110,5250,21,28,12170,11.19,8.393,Low,0,1,1,0
131,3,150,saab,two,hatchback,fwd,front,99.1,0.897,0.924,0.938,2707,ohc,four,121,mpfi,2.54,2.07,9.3,110,5250,21,28,15040,11.19,8.393,Low,0,1,1,0
132,2,104,saab,four,sedan,fwd,front,99.1,0.897,0.924,0.938,2758,ohc,four,121,mpfi,3.54,3.07,9.3,110,5250,21,28,15510,11.19,8.393,Low,0,1,1,0
133,3,150,saab,two,hatchback,fwd,front,99.1,0.897,0.924,0.938,2808,dohc,four,121,mpfi,3.54,3.07,9,160,5500,19,26,18150,12.368,9.038,Medium,0,1,0,1
134,2,104,saab,four,sedan,fwd,front,99.1,0.897,0.924,0.938,2847,dohc,four,121,mpfi,3.54,3.07,9,160,5500,19,26,18620,12.368,9.038,Medium,0,1,0,1
135,2,83,subaru,two,hatchback,fwd,front,93.7,0.754,0.881,0.898,2050,ohcf,four,97,2bbl,3.62,2.36,9,69,4900,31,36,5118,7.581,6.528,Low,0,1,1,0
136,2,83,subaru,two,hatchback,fwd,front,93.7,0.759,0.883,0.898,2120,ohcf,four,108,2bbl,3.62,2.64,8.7,73,4400,26,31,7053,9.038,7.581,Low,0,1,1,0
137,2,83,subaru,two,hatchback,4wd,front,93.3,0.756,0.886,0.931,2240,ohcf,four,108,2bbl,3.62,2.64,8.7,73,4400,26,31,7603,9.038,7.581,Low,0,1,1,0
138,0,102,subaru,four,sedan,fwd,front,97.2,0.827,0.908,0.878,2145,ohcf,four,108,2bbl,3.62,2.64,9.5,82,4800,32,37,7126,7.344,6.351,Low,0,1,1,0
139,0,102,subaru,four,sedan,fwd,front,97.2,0.827,0.908,0.878,2190,ohcf,four,108,2bbl,3.62,2.64,9.5,82,4400,28,33,7775,8.393,7.121,Low,0,1,1,0
140,0,102,subaru,four,sedan,fwd,front,97.2,0.827,0.908,0.878,2340,ohcf,four,108,mpfi,3.62,2.64,9,94,5200,26,32,9960,9.038,7.344,Low,0,1,1,0
141,0,102,subaru,four,sedan,4wd,front,97,0.827,0.908,0.908,2385,ohcf,four,108,2bbl,3.62,2.64,9,82,4800,24,25,9233,9.792,9.4,Low,0,1,1,0
142,0,102,subaru,four,sedan,4wd,front,97,0.827,0.908,0.908,2510,ohcf,four,108,mpfi,3.62,2.64,7.7,111,4800,24,29,11259,9.792,8.103,Low,0,1,0,1
143,0,89,subaru,four,wagon,fwd,front,97,0.834,0.908,0.886,2290,ohcf,four,108,2bbl,3.62,2.64,9,82,4800,28,32,7463,8.393,7.344,Low,0,1,1,0
144,0,89,subaru,four,wagon,fwd,front,97,0.834,0.908,0.886,2455,ohcf,four,108,mpfi,3.62,2.64,9,94,5200,25,31,10198,9.4,7.581,Low,0,1,1,0
145,0,85,subaru,four,wagon,4wd,front,96.9,0.834,0.908,0.918,2420,ohcf,four,108,2bbl,3.62,2.64,9,82,4800,23,29,8013,10.217,8.103,Low,0,1,1,0
146,0,85,subaru,four,wagon,4wd,front,96.9,0.834,0.908,0.918,2650,ohcf,four,108,mpfi,3.62,2.64,7.7,111,4800,23,23,11694,10.217,10.217,Low,0,1,0,1
147,1,87,toyota,two,hatchback,fwd,front,95.7,0.763,0.883,0.911,1985,ohc,four,92,2bbl,3.05,3.03,9,62,4800,35,39,5348,6.714,6.026,Low,0,1,1,0
148,1,87,toyota,two,hatchback,fwd,front,95.7,0.763,0.883,0.911,2040,ohc,four,92,2bbl,3.05,3.03,9,62,4800,31,38,6338,7.581,6.184,Low,0,1,1,0
149,1,74,toyota,four,hatchback,fwd,front,95.7,0.763,0.883,0.911,2015,ohc,four,92,2bbl,3.05,3.03,9,62,4800,31,38,6488,7.581,6.184,Low,0,1,1,0
150,0,77,toyota,four,wagon,fwd,front,95.7,0.815,0.883,0.988,2280,ohc,four,92,2bbl,3.05,3.03,9,62,4800,31,37,6918,7.581,6.351,Low,0,1,1,0
151,0,81,toyota,four,wagon,4wd,front,95.7,0.815,0.883,0.988,2290,ohc,four,92,2bbl,3.05,3.03,9,62,4800,27,32,7898,8.704,7.344,Low,0,1,1,0
152,0,91,toyota,four,wagon,4wd,front,95.7,0.815,0.883,0.988,3110,ohc,four,92,2bbl,3.05,3.03,9,62,4800,27,32,8778,8.704,7.344,Low,0,1,1,0
153,0,91,toyota,four,sedan,fwd,front,95.7,0.799,0.894,0.886,2081,ohc,four,98,2bbl,3.19,3.03,9,70,4800,30,37,6938,7.833,6.351,Low,0,1,1,0
154,0,91,toyota,four,hatchback,fwd,front,95.7,0.799,0.894,0.883,2109,ohc,four,98,2bbl,3.19,3.03,9,70,4800,30,37,7198,7.833,6.351,Low,0,1,1,0
155,0,91,toyota,four,sedan,fwd,front,95.7,0.799,0.894,0.886,2275,ohc,four,110,idi,3.27,3.35,22.5,56,4500,34,36,7898,6.912,6.528,Low,1,0,1,0
156,0,91,toyota,four,hatchback,fwd,front,95.7,0.799,0.894,0.883,2275,ohc,four,110,idi,3.27,3.35,22.5,56,4500,38,47,7788,6.184,5,Low,1,0,1,0
157,0,91,toyota,four,sedan,fwd,front,95.7,0.799,0.894,0.886,2094,ohc,four,98,2bbl,3.19,3.03,9,70,4800,38,47,7738,6.184,5,Low,0,1,1,0
158,0,91,toyota,four,hatchback,fwd,front,95.7,0.799,0.894,0.883,2122,ohc,four,98,2bbl,3.19,3.03,9,70,4800,28,34,8358,8.393,6.912,Low,0,1,1,0
159,0,91,toyota,four,sedan,fwd,front,95.7,0.799,0.894,0.883,2140,ohc,four,98,2bbl,3.19,3.03,9,70,4800,28,34,9258,8.393,6.912,Low,0,1,1,0
160,1,168,toyota,two,sedan,rwd,front,94.5,0.811,0.889,0.88,2169,ohc,four,98,2bbl,3.19,3.03,9,70,4800,29,34,8058,8.103,6.912,Low,0,1,1,0
161,1,168,toyota,two,hatchback,rwd,front,94.5,0.811,0.889,0.88,2204,ohc,four,98,2bbl,3.19,3.03,9,70,4800,29,34,8238,8.103,6.912,Low,0,1,1,0
162,1,168,toyota,two,sedan,rwd,front,94.5,0.811,0.889,0.88,2265,dohc,four,98,mpfi,3.24,3.08,9.4,112,6600,26,29,9298,9.038,8.103,Low,0,1,1,0
163,1,168,toyota,two,hatchback,rwd,front,94.5,0.811,0.889,0.88,2300,dohc,four,98,mpfi,3.24,3.08,9.4,112,6600,26,29,9538,9.038,8.103,Low,0,1,1,0
164,2,134,toyota,two,hardtop,rwd,front,98.4,0.847,0.911,0.87,2540,ohc,four,146,mpfi,3.62,3.5,9.3,116,4800,24,30,8449,9.792,7.833,Low,0,1,1,0
165,2,134,toyota,two,hardtop,rwd,front,98.4,0.847,0.911,0.87,2536,ohc,four,146,mpfi,3.62,3.5,9.3,116,4800,24,30,9639,9.792,7.833,Low,0,1,1,0
166,2,134,toyota,two,hatchback,rwd,front,98.4,0.847,0.911,0.87,2551,ohc,four,146,mpfi,3.62,3.5,9.3,116,4800,24,30,9989,9.792,7.833,Low,0,1,1,0
167,2,134,toyota,two,hardtop,rwd,front,98.4,0.847,0.911,0.87,2679,ohc,four,146,mpfi,3.62,3.5,9.3,116,4800,24,30,11199,9.792,7.833,Low,0,1,1,0
168,2,134,toyota,two,hatchback,rwd,front,98.4,0.847,0.911,0.87,2714,ohc,four,146,mpfi,3.62,3.5,9.3,116,4800,24,30,11549,9.792,7.833,Low,0,1,1,0
169,2,134,toyota,two,convertible,rwd,front,98.4,0.847,0.911,0.886,2975,ohc,four,146,mpfi,3.62,3.5,9.3,116,4800,24,30,17669,9.792,7.833,Low,0,1,1,0
170,-1,65,toyota,four,sedan,fwd,front,102.4,0.844,0.924,0.918,2326,ohc,four,122,mpfi,3.31,3.54,8.7,92,4200,29,34,8948,8.103,6.912,Low,0,1,1,0
171,-1,65,toyota,four,sedan,fwd,front,102.4,0.844,0.924,0.918,2480,ohc,four,110,idi,3.27,3.35,22.5,73,4500,30,33,10698,7.833,7.121,Low,1,0,0,1
172,-1,65,toyota,four,hatchback,fwd,front,102.4,0.844,0.924,0.901,2414,ohc,four,122,mpfi,3.31,3.54,8.7,92,4200,27,32,9988,8.704,7.344,Low,0,1,1,0
173,-1,65,toyota,four,sedan,fwd,front,102.4,0.844,0.924,0.918,2414,ohc,four,122,mpfi,3.31,3.54,8.7,92,4200,27,32,10898,8.704,7.344,Low,0,1,1,0
174,-1,65,toyota,four,hatchback,fwd,front,102.4,0.844,0.924,0.901,2458,ohc,four,122,mpfi,3.31,3.54,8.7,92,4200,27,32,11248,8.704,7.344,Low,0,1,1,0
175,3,197,toyota,two,hatchback,rwd,front,102.9,0.882,0.94,0.87,2976,dohc,six,171,mpfi,3.27,3.35,9.3,161,5200,20,24,16558,11.75,9.792,Medium,0,1,1,0
176,3,197,toyota,two,hatchback,rwd,front,102.9,0.882,0.94,0.87,3016,dohc,six,171,mpfi,3.27,3.35,9.3,161,5200,19,24,15998,12.368,9.792,Medium,0,1,1,0
177,-1,90,toyota,four,sedan,rwd,front,104.5,0.902,0.924,0.905,3131,dohc,six,171,mpfi,3.27,3.35,9.2,156,5200,20,24,15690,11.75,9.792,Medium,0,1,1,0
178,-1,122,toyota,four,wagon,rwd,front,104.5,0.902,0.924,0.905,3151,dohc,six,161,mpfi,3.27,3.35,9.2,156,5200,19,24,15750,12.368,9.792,Medium,0,1,1,0
179,2,122,volkswagen,two,sedan,fwd,front,97.3,0.825,0.91,0.931,2261,ohc,four,97,idi,3.01,3.4,23,52,4800,37,46,7775,6.351,5.109,Low,1,0,1,0
180,2,122,volkswagen,two,sedan,fwd,front,97.3,0.825,0.91,0.931,2209,ohc,four,109,mpfi,3.19,3.4,9,85,5250,27,34,7975,8.704,6.912,Low,0,1,1,0
181,2,94,volkswagen,four,sedan,fwd,front,97.3,0.825,0.91,0.931,2264,ohc,four,97,idi,3.01,3.4,23,52,4800,37,46,7995,6.351,5.109,Low,1,0,1,0
182,2,94,volkswagen,four,sedan,fwd,front,97.3,0.825,0.91,0.931,2212,ohc,four,109,mpfi,3.19,3.4,9,85,5250,27,34,8195,8.704,6.912,Low,0,1,1,0
183,2,94,volkswagen,four,sedan,fwd,front,97.3,0.825,0.91,0.931,2275,ohc,four,109,mpfi,3.19,3.4,9,85,5250,27,34,8495,8.704,6.912,Low,0,1,1,0
184,2,94,volkswagen,four,sedan,fwd,front,97.3,0.825,0.91,0.931,2319,ohc,four,97,idi,3.01,3.4,23,68,4500,37,42,9495,6.351,5.595,Low,1,0,0,1
185,2,94,volkswagen,four,sedan,fwd,front,97.3,0.825,0.91,0.931,2300,ohc,four,109,mpfi,3.19,3.4,10,100,5500,26,32,9995,9.038,7.344,Low,0,1,1,0
186,3,122,volkswagen,two,convertible,fwd,front,94.5,0.765,0.892,0.93,2254,ohc,four,109,mpfi,3.19,3.4,8.5,90,5500,24,29,11595,9.792,8.103,Low,0,1,1,0
187,3,256,volkswagen,two,hatchback,fwd,front,94.5,0.796,0.889,0.86,2221,ohc,four,109,mpfi,3.19,3.4,8.5,90,5500,24,29,9980,9.792,8.103,Low,0,1,1,0
188,0,122,volkswagen,four,sedan,fwd,front,100.4,0.866,0.929,0.921,2661,ohc,five,136,mpfi,3.19,3.4,8.5,110,5500,19,24,13295,12.368,9.792,Low,0,1,1,0
189,0,122,volkswagen,four,sedan,fwd,front,100.4,0.866,0.929,0.921,2579,ohc,four,97,idi,3.01,3.4,23,68,4500,33,38,13845,7.121,6.184,Low,1,0,0,1
190,0,122,volkswagen,four,wagon,fwd,front,100.4,0.88,0.929,0.921,2563,ohc,four,109,mpfi,3.19,3.4,9,88,5500,25,31,12290,9.4,7.581,Low,0,1,1,0
191,-2,103,volvo,four,sedan,rwd,front,104.3,0.907,0.933,0.94,2912,ohc,four,141,mpfi,3.78,3.15,9.5,114,5400,23,28,12940,10.217,8.393,Low,0,1,1,0
192,-1,74,volvo,four,wagon,rwd,front,104.3,0.907,0.933,0.962,3034,ohc,four,141,mpfi,3.78,3.15,9.5,114,5400,23,28,13415,10.217,8.393,Low,0,1,1,0
193,-2,103,volvo,four,sedan,rwd,front,104.3,0.907,0.933,0.94,2935,ohc,four,141,mpfi,3.78,3.15,9.5,114,5400,24,28,15985,9.792,8.393,Low,0,1,1,0
194,-1,74,volvo,four,wagon,rwd,front,104.3,0.907,0.933,0.962,3042,ohc,four,141,mpfi,3.78,3.15,9.5,114,5400,24,28,16515,9.792,8.393,Low,0,1,1,0
195,-2,103,volvo,four,sedan,rwd,front,104.3,0.907,0.933,0.94,3045,ohc,four,130,mpfi,3.62,3.15,7.5,162,5100,17,22,18420,13.824,10.682,Medium,0,1,0,1
196,-1,74,volvo,four,wagon,rwd,front,104.3,0.907,0.933,0.962,3157,ohc,four,130,mpfi,3.62,3.15,7.5,162,5100,17,22,18950,13.824,10.682,Medium,0,1,0,1
197,-1,95,volvo,four,sedan,rwd,front,109.1,0.907,0.957,0.928,2952,ohc,four,141,mpfi,3.78,3.15,9.5,114,5400,23,28,16845,10.217,8.393,Low,0,1,1,0
198,-1,95,volvo,four,sedan,rwd,front,109.1,0.907,0.956,0.928,3049,ohc,four,141,mpfi,3.78,3.15,8.7,160,5300,19,25,19045,12.368,9.4,Medium,0,1,0,1
199,-1,95,volvo,four,sedan,rwd,front,109.1,0.907,0.957,0.928,3012,ohcv,six,173,mpfi,3.58,2.87,8.8,134,5500,18,23,21485,13.056,10.217,Medium,0,1,1,0
200,-1,95,volvo,four,sedan,rwd,front,109.1,0.907,0.957,0.928,3217,ohc,six,145,idi,3.01,3.4,23,106,4800,26,27,22470,9.038,8.704,Low,1,0,0,1
201,-1,95,volvo,four,sedan,rwd,front,109.1,0.907,0.957,0.928,3062,ohc,four,141,mpfi,3.78,3.15,9.5,114,5400,19,25,22625,12.368,9.4,Low,0,1,0,1
